{
  "managedApiConnections": {
    "commondataservice": {
      "api": {
        "id": "/subscriptions/9c4a4068-ba4a-4a43-95fa-58703d9fce1f/providers/Microsoft.Web/locations/uksouth/managedApis/commondataservice"
      },
      "authentication": {
        "type": "ManagedServiceIdentity"
      },
      "connection": {
        "id": "/subscriptions/9c4a4068-ba4a-4a43-95fa-58703d9fce1f/resourceGroups/rg-uks-cditl-ptx-01/providers/Microsoft.Web/connections/commondataservice-2"
      },
      "connectionRuntimeUrl": "https://eeede0db4f57f987.07.common.logic-uksouth.azure-apihub.net/apim/commondataservice/27ab367fad2b45caa61b9d66db798638"
    }
  },
  "serviceProviderConnections": {}
}