{
  "managedApiConnections": {
    "commondataservice": {
      "api": {
        "id": "/subscriptions/18d6c808-7361-4ed2-9a3a-f0d376f781b8/providers/Microsoft.Web/locations/uksouth/managedApis/commondataservice"
      },
      "authentication": {
        "type": "ManagedServiceIdentity"
      },
      "connection": {
        "id": "/subscriptions/18d6c808-7361-4ed2-9a3a-f0d376f781b8/resourceGroups/rg-uks-cp1r-ptx-01/providers/Microsoft.Web/connections/commondataservice-1"
      },
      "connectionRuntimeUrl": "https://0c045a471db2cca9.12.common.logic-uksouth.azure-apihub.net/apim/commondataservice/311f042b2f004767a8ae199bb0ef5626"
    }
  },
  "serviceProviderConnections": {}
}