{
  "managedApiConnections": {
    "commondataservice-1": {
      "api": {
        "id": "/subscriptions/3e97e4df-9247-4cd4-a47c-9a309e442bd4/providers/Microsoft.Web/locations/uksouth/managedApis/commondataservice"
      },
      "authentication": {
        "type": "ManagedServiceIdentity"
      },
      "connection": {
        "id": "/subscriptions/3e97e4df-9247-4cd4-a47c-9a309e442bd4/resourceGroups/rg-uks-cuat-ptx-01/providers/Microsoft.Web/connections/commondataservice-1"
      },
      "connectionRuntimeUrl": "https://52303569e0e48a78.14.common.logic-uksouth.azure-apihub.net/apim/commondataservice/51723bad6e63401ab8efe3cbd72b1eee"
    }
  },
  "serviceProviderConnections": {}
}