{
  "managedApiConnections": {
    "commondataservice": {
      "api": {
        "id": "/subscriptions/1235054b-a557-4078-962c-3fc12a485428/providers/Microsoft.Web/locations/uksouth/managedApis/commondataservice"
      },
      "authentication": {
        "type": "ManagedServiceIdentity"
      },
      "connection": {
        "id": "/subscriptions/1235054b-a557-4078-962c-3fc12a485428/resourceGroups/rg-uks-cp2dd-ptx-01/providers/Microsoft.Web/connections/commondataservice-1"
      },
      "connectionRuntimeUrl": "https://5744523b0196b4b3.16.common.logic-uksouth.azure-apihub.net/apim/commondataservice/c45ad8fec92e430eaebd1061b5b42dba"
    }
  },
  "serviceProviderConnections": {}
}