{
  "managedApiConnections": {
    "commondataservice": {
      "api": {
        "id": "/subscriptions/028f6e44-ca92-4f7d-89a6-34941218bf14/providers/Microsoft.Web/locations/uksouth/managedApis/commondataservice"
      },
      "authentication": {
        "type": "ManagedServiceIdentity"
      },
      "connection": {
        "id": "/subscriptions/028f6e44-ca92-4f7d-89a6-34941218bf14/resourceGroups/rg-uks-ctrain-ptx-01/providers/Microsoft.Web/connections/commondataservice"
      },
      "connectionRuntimeUrl": "https://939e18dc1bf04ef8.09.common.logic-uksouth.azure-apihub.net/apim/commondataservice/2092985220164f178393b22539c0c5cd"
    }
  },
  "serviceProviderConnections": {}
}