{
  "managedApiConnections": {
    "commondataservice": {
      "api": {
        "id": "/subscriptions/32f53e3b-1cac-4840-8bd8-554788e69acc/providers/Microsoft.Web/locations/uksouth/managedApis/commondataservice"
      },
      "authentication": {
        "type": "ManagedServiceIdentity"
      },
      "connection": {
        "id": "/subscriptions/32f53e3b-1cac-4840-8bd8-554788e69acc/resourceGroups/rg-uks-cpuat-ptx-01/providers/Microsoft.Web/connections/commondataservice"
      },
      "connectionRuntimeUrl": "https://3c8528cfa649cae9.08.common.logic-uksouth.azure-apihub.net/apim/commondataservice/f1c3735388a44b9e96b805a76a9c7310"
    }
  },
  "serviceProviderConnections": {}
}