{
  "IsEncrypted": false,
  "Values": {
    "FUNCTIONS_EXTENSION_VERSION": "~4",
    "WEBSITE_CONTENTAZUREFILECONNECTIONSTRING": "DefaultEndpointsProtocol=https;AccountName=ptxcallbackdevgroupb4d4;AccountKey=juER4LqrNAYXO9SDfh6o6cTPuUcUVQYHQnWiqCgJKfIcSHQUjMIjgLyv3BM8yeEXbBkmsK3aPOZ8+AStnV0Rfg==;EndpointSuffix=core.windows.net",
    "WEBSITE_SITE_NAME": "ptx-callback-dev",
    "FUNCTIONS_WORKER_RUNTIME": "dotnet",
    "APP_KIND": "workflowApp",
    "WEBSITE_AUTH_ENABLED": "False",
    "WEBSITE_DEFAULT_HOSTNAME": "ptx-callback-dev.azurewebsites.net",
    "AzureWebJobsStorage": "DefaultEndpointsProtocol=https;AccountName=ptxcallbackdevgroupb4d4;AccountKey=juER4LqrNAYXO9SDfh6o6cTPuUcUVQYHQnWiqCgJKfIcSHQUjMIjgLyv3BM8yeEXbBkmsK3aPOZ8+AStnV0Rfg==;EndpointSuffix=core.windows.net",
    "AzureFunctionsJobHost__extensionBundle__id": "Microsoft.Azure.Functions.ExtensionBundle.Workflows",
    "ScmType": "None",
    "WEBSITE_CONTENTSHARE": "ptx-callback-dev81e1",
    "FUNCTIONS_RUNTIME_SCALE_MONITORING_ENABLED": "1",
    "AzureFunctionsJobHost__extensionBundle__version": "[1.*, 2.0.0)",
    "WEBSITE_SLOT_NAME": "Production",
    "APPLICATIONINSIGHTS_CONNECTION_STRING": "InstrumentationKey=88a4e28c-2812-49af-95b8-12d03be8b57a;IngestionEndpoint=https://uksouth-1.in.applicationinsights.azure.com/;LiveEndpoint=https://uksouth.livediagnostics.monitor.azure.com/;ApplicationId=23135db5-08e8-47d1-ac4d-a2beeb4bac77",
    "WEBSITE_NODE_DEFAULT_VERSION": "18.20.4",
    "Workflows.ProcessCallBack.FlowState": "Enabled"
  }
}