{
  "definition": {
    "$schema": "https://schema.management.azure.com/providers/Microsoft.Logic/schemas/2016-06-01/workflowdefinition.json#",
    "actions": {
      "Compose": {
        "type": "Compose",
        "inputs": "@triggerOutputs()?['body']['$formdata']",
        "runAfter": {}
      },
      "Select": {
        "type": "Select",
        "inputs": {
          "from": "@outputs('Compose')",
          "select": {
            "@{item()['key']}": "@item()['value']"
          }
        },
        "runAfter": {
          "Compose": [
            "SUCCEEDED"
          ]
        }
      },
      "SelectOutput": {
        "type": "Compose",
        "inputs": "@body('Select')",
        "runAfter": {
          "Select": [
            "SUCCEEDED"
          ]
        }
      },
      "PayloadOutput": {
        "type": "Compose",
        "inputs": "@first(json(replace(string(outputs('SelectOutput')),'},{',',')))",
        "runAfter": {
          "SelectOutput": [
            "SUCCEEDED"
          ]
        }
      },
      "Parse_JSON": {
        "type": "ParseJson",
        "inputs": {
          "content": "@outputs('PayloadOutput')",
          "schema": {
            "type": "object",
            "properties": {
              "Id": {
                "type": "string"
              },
              "Created": {
                "type": "string"
              },
              "LastUpdated": {
                "type": "string"
              },
              "Stage": {
                "type": "string"
              },
              "Company": {
                "type": "string"
              },
              "VerificationStatus": {
                "type": "string"
              },
              "CurrentAddressRecomendedStatus": {
                "type": "string"
              },
              "PrevAddressRecomendedStatus": {
                "type": "string"
              },
              "FormId": {
                "type": "string"
              },
              "FormTypeId": {
                "type": "string"
              },
              "FormType": {
                "type": "string"
              },
              "Title": {
                "type": "string"
              },
              "FirstName": {
                "type": "string"
              },
              "LastName": {
                "type": "string"
              },
              "DOB": {
                "type": "string"
              },
              "Email": {
                "type": "string"
              },
              "Mobile": {
                "type": "string"
              },
              "ApplyingAsCompany": {
                "type": "string"
              },
              "CurrentHouseNameNumber": {
                "type": "string"
              },
              "CurrentStreet1": {
                "type": "string"
              },
              "CurrentTown": {
                "type": "string"
              },
              "CurrentPostcode": {
                "type": "string"
              },
              "BankAccountName": {
                "type": "string"
              },
              "SortCode": {
                "type": "string"
              },
              "AccountNumber": {
                "type": "string"
              },
              "DdPlanReference": {
                "type": "string"
              },
              "DdPlanSpecification": {
                "type": "string"
              },
              "DdNoOfCollections": {
                "type": "string"
              },
              "DdRegularAmount": {
                "type": "string"
              },
              "DdFirstAmount": {
                "type": "string"
              },
              "DdLastAmount": {
                "type": "string"
              },
              "DdStartDate": {
                "type": "string"
              },
              "DdPlanEndByDate": {
                "type": "string"
              },
              "FormName": {
                "type": "string"
              },
              "GiftAid": {
                "type": "string"
              },
              "BankName": {
                "type": "string"
              },
              "VerificationApplied": {
                "type": "string"
              }
            }
          }
        },
        "runAfter": {
          "PayloadOutput": [
            "SUCCEEDED"
          ]
        }
      },
      "Condition": {
        "type": "If",
        "expression": {
          "and": [
            {
              "not": {
                "equals": [
                  "@string(body('Parse_JSON')?['Id'])",
                  "0"
                ]
              }
            }
          ]
        },
        "actions": {
          "Add_a_new_row": {
            "type": "ApiConnection",
            "inputs": {
              "host": {
                "connection": {
                  "referenceName": "commondataservice"
                }
              },
              "method": "post",
              "body": {
                "rhs_name": "PTXCallback",
                "rhs_direction": 120000000,
                "rhs_integrationstatus": 120000000,
                "rhs_integration_type": "PTXCallback",
                "rhs_payload": "@string(body('Parse_JSON'))",
                "statuscode": 1
              },
              "headers": {
                "prefer": "return=representation,odata.include-annotations=*",
                "organization": "https://rhs-cultivate-parallelrenewals"
              },
              "path": "/api/data/v9.1/@{encodeURIComponent(encodeURIComponent('rhs_integrationlogs'))}"
            }
          }
        },
        "else": {
          "actions": {
            "Terminate": {
              "type": "Terminate",
              "inputs": {
                "runStatus": "Cancelled"
              }
            }
          }
        },
        "runAfter": {
          "Parse_JSON": [
            "SUCCEEDED"
          ]
        }
      }
    },
    "contentVersion": "1.0.0.0",
    "outputs": {},
    "triggers": {
      "PTXTrigger": {
        "type": "Request",
        "kind": "Http",
        "conditions": []
      }
    }
  },
  "kind": "Stateful"
}